,Training,Validation
0,98.92578125,96.80851063829788
1,99.70703125,96.96048632218846
2,99.90234375,97.26443768996961
3,99.0234375,97.11246200607903
4,98.828125,95.2887537993921
