,Training,Validation
0,81.15234375,72.94832826747721
1,81.15234375,72.94832826747721
2,81.15234375,72.94832826747721
3,81.25,74.16413373860182
4,83.3984375,82.67477203647417
